"product-img href","img-fluid src","product-content-left href","product-name-plp-h3","new-price","plp-swatches src","plp-swatches","pro-badge","pro-badge src"
"https://www.boutiqaat.com/en-ae/women/zai-beaute-multifunctional-sun-mist-setting-spray-sc-00015619-1/p//","https://v2cdn.boutiqaat.com/cdn-cgi/image/width=400,height=400,quality=80/media/catalog/product//S/C/SC-00015619-R-1.jpg","https://www.boutiqaat.com/en-kw/men/zai-beaute-multifunctional-sun-mist-setting-spray-sc-00015619-1/p//","Illuminate Shield Multifunctional Sun Mist SPF50+ - 100ml","120.00","","","",""
"https://www.boutiqaat.com/en-ae/women/zai-beaute-you-make-me-blush-blush-bronzer-duo-palette-01-sunset-mu-00028012-1/p//","https://v2cdn.boutiqaat.com/cdn-cgi/image/width=400,height=400,quality=80/media/catalog/product//m/u/MU-00028012-1.jpg","https://www.boutiqaat.com/en-kw/men/zai-beaute-you-make-me-blush-blush-bronzer-duo-palette-01-sunset-mu-00028012-1/p//","You Make Me Blush Blush & Bronzer Duo Palette - N.01 - Sunset","168.00","https://www.boutiqaat.com/static/images/color.png","2 colors","",""
"https://www.boutiqaat.com/en-ae/women/zai-beaute-you-make-me-blush-blush-bronzer-duo-palette-02-sunrise-mu-00028013-1/p//","https://v2cdn.boutiqaat.com/cdn-cgi/image/width=400,height=400,quality=80/media/catalog/product//m/u/MU-00028013-1.jpg","https://www.boutiqaat.com/en-kw/men/zai-beaute-you-make-me-blush-blush-bronzer-duo-palette-02-sunrise-mu-00028013-1/p//","You Make Me Blush Blush & Bronzer Duo Palette - N.02 - Sunrise","168.00","https://www.boutiqaat.com/static/images/color.png","2 colors","",""
"https://www.boutiqaat.com/en-ae/women/zai-beaute-bronze-body-oil-50-ml-169-floz-sc-00014206-1/p//","https://v2cdn.boutiqaat.com/cdn-cgi/image/width=400,height=400,quality=80/media/catalog/product//S/C/SC-00014206-R-1-1.jpg","https://www.boutiqaat.com/en-kw/men/zai-beaute-bronze-body-oil-50-ml-169-floz-sc-00014206-1/p//","Bronze Body Oil - 50ml","132.00","","","",""
"https://www.boutiqaat.com/en-ae/women/brows-styler-set-2-pcs-bdl-034682/p//","https://v2cdn.boutiqaat.com/cdn-cgi/image/width=400,height=400,quality=80/media/catalog/product//b/d/BDL-034682-1.jpg","https://www.boutiqaat.com/en-kw/men/brows-styler-set-2-pcs-bdl-034682/p//","Brows Styler Set - 2 pcs","189.00","","","",""
"https://www.boutiqaat.com/en-ae/women/bold-eyes-trio-3-pcs-bdl-034683/p//","https://v2cdn.boutiqaat.com/cdn-cgi/image/width=400,height=400,quality=80/media/catalog/product//b/d/BDL-034683-1.jpg","https://www.boutiqaat.com/en-kw/men/bold-eyes-trio-3-pcs-bdl-034683/p//","Bold Eyes Trio - 3 pcs","212.00","","","",""
"https://www.boutiqaat.com/en-ae/women/zai-beaute-velvet-matt-lipstick-macaroon-n-04-35-g-012-net-wt-oz-mu-00015572-1/p//","https://v2cdn.boutiqaat.com/cdn-cgi/image/width=400,height=400,quality=80/media/catalog/product//M/U/MU-00015572-R3-1.jpg","https://www.boutiqaat.com/en-kw/men/zai-beaute-velvet-matt-lipstick-macaroon-n-04-35-g-012-net-wt-oz-mu-00015572-1/p//","Velvet Matt Lipstick - Macaroon","96.00","https://www.boutiqaat.com/static/images/color.png","8 colors","Exclusive","https://www.boutiqaat.com/static/images/btq.png"
"https://www.boutiqaat.com/en-ae/women/zai-beaute-velvet-matt-lipstick-runway-nude-n-05-35-g-012-net-wt-oz-mu-00015574-1/p//","https://v2cdn.boutiqaat.com/cdn-cgi/image/width=400,height=400,quality=80/media/catalog/product//M/U/MU-00015574-R4-1_1.jpg","https://www.boutiqaat.com/en-kw/men/zai-beaute-velvet-matt-lipstick-runway-nude-n-05-35-g-012-net-wt-oz-mu-00015574-1/p//","Velvet Matt Lipstick - Runway Nude","96.00","https://www.boutiqaat.com/static/images/color.png","8 colors","Exclusive","https://www.boutiqaat.com/static/images/btq.png"
"https://www.boutiqaat.com/en-ae/women/zai-beaute-velvet-matt-lipstick-orchid-n-06-35-g-012-net-wt-oz-mu-00015575-1/p//","https://v2cdn.boutiqaat.com/cdn-cgi/image/width=400,height=400,quality=80/media/catalog/product//M/U/MU-00015575-R3-1_1.jpg","https://www.boutiqaat.com/en-kw/men/zai-beaute-velvet-matt-lipstick-orchid-n-06-35-g-012-net-wt-oz-mu-00015575-1/p//","Velvet Matt Lipstick - Orchid","96.00","https://www.boutiqaat.com/static/images/color.png","8 colors","Exclusive","https://www.boutiqaat.com/static/images/btq.png"
"https://www.boutiqaat.com/en-ae/women/zai-beaute-velvet-matt-lipstick-blushy-n-07-35-g-012-net-wt-oz-mu-00015569-1/p//","https://v2cdn.boutiqaat.com/cdn-cgi/image/width=400,height=400,quality=80/media/catalog/product//M/U/MU-00015569-R4-1.jpg","https://www.boutiqaat.com/en-kw/men/zai-beaute-velvet-matt-lipstick-blushy-n-07-35-g-012-net-wt-oz-mu-00015569-1/p//","Velvet Matt Lipstick - Blushy","96.00","https://www.boutiqaat.com/static/images/color.png","8 colors","Exclusive","https://www.boutiqaat.com/static/images/btq.png"
"https://www.boutiqaat.com/en-ae/women/zai-beaute-velvet-matt-lipstick-paris-n-08-35-g-012-net-wt-oz-mu-00015573-1/p//","https://v2cdn.boutiqaat.com/cdn-cgi/image/width=400,height=400,quality=80/media/catalog/product//M/U/MU-00015573-R4-1.jpg","https://www.boutiqaat.com/en-kw/men/zai-beaute-velvet-matt-lipstick-paris-n-08-35-g-012-net-wt-oz-mu-00015573-1/p//","Velvet Matt Lipstick - Paris","96.00","https://www.boutiqaat.com/static/images/color.png","8 colors","Exclusive","https://www.boutiqaat.com/static/images/btq.png"
"https://www.boutiqaat.com/en-ae/women/zai-beaute-beauty-booster-foundation-honey-dew-n-03-30-ml-101-floz-mu-00015418-1/p//","https://v2cdn.boutiqaat.com/cdn-cgi/image/width=400,height=400,quality=80/media/catalog/product//M/U/MU-00015418-R6-1.jpg","https://www.boutiqaat.com/en-kw/men/zai-beaute-beauty-booster-foundation-honey-dew-n-03-30-ml-101-floz-mu-00015418-1/p//","Beauty Booster Foundation - N.03 - Honey Dew","132.00","https://www.boutiqaat.com/static/images/color.png","7 colors","Exclusive","https://www.boutiqaat.com/static/images/btq.png"
"https://www.boutiqaat.com/en-ae/women/zai-beaute-beauty-booster-foundation-desert-sand-n-04-30-ml-101-floz-mu-00015414-1/p//","https://v2cdn.boutiqaat.com/cdn-cgi/image/width=400,height=400,quality=80/media/catalog/product//M/U/MU-00015414-R7-1.jpg","https://www.boutiqaat.com/en-kw/men/zai-beaute-beauty-booster-foundation-desert-sand-n-04-30-ml-101-floz-mu-00015414-1/p//","Beauty Booster Foundation - N.04 - Desert Sand","132.00","https://www.boutiqaat.com/static/images/color.png","7 colors","Exclusive","https://www.boutiqaat.com/static/images/btq.png"
"https://www.boutiqaat.com/en-ae/women/zai-beaute-beauty-booster-foundation-butterscotch-n-05-30-ml-101-floz-mu-00015413-1/p//","https://v2cdn.boutiqaat.com/cdn-cgi/image/width=400,height=400,quality=80/media/catalog/product//M/U/MU-00015413-R6-1.jpg","https://www.boutiqaat.com/en-kw/men/zai-beaute-beauty-booster-foundation-butterscotch-n-05-30-ml-101-floz-mu-00015413-1/p//","Beauty Booster Foundation - N.05 - Butterscotch","132.00","https://www.boutiqaat.com/static/images/color.png","7 colors","Exclusive","https://www.boutiqaat.com/static/images/btq.png"
"https://www.boutiqaat.com/en-ae/women/zai-beaute-beauty-booster-foundation-umber-girl-n-06-30-ml-101-floz-mu-00015417-1/p//","https://v2cdn.boutiqaat.com/cdn-cgi/image/width=400,height=400,quality=80/media/catalog/product//M/U/MU-00015417-R6-1.jpg","https://www.boutiqaat.com/en-kw/men/zai-beaute-beauty-booster-foundation-umber-girl-n-06-30-ml-101-floz-mu-00015417-1/p//","Beauty Booster Foundation - N.06 - Umber Girl","132.00","https://www.boutiqaat.com/static/images/color.png","7 colors","Exclusive","https://www.boutiqaat.com/static/images/btq.png"
"https://www.boutiqaat.com/en-ae/women/zai-beaute-velvet-classic-lip-pencil-fawn-n-01-04-g-0014-net-wt-oz-mu-00015945-1/p//","https://v2cdn.boutiqaat.com/cdn-cgi/image/width=400,height=400,quality=80/media/catalog/product//M/U/MU-00015945-R5-1_1.jpg","https://www.boutiqaat.com/en-kw/men/zai-beaute-velvet-classic-lip-pencil-fawn-n-01-04-g-0014-net-wt-oz-mu-00015945-1/p//","Velvet Classic Lip Pencil - N.01 - Fawn","84.00","https://www.boutiqaat.com/static/images/color.png","6 colors","Exclusive","https://www.boutiqaat.com/static/images/btq.png"
"https://www.boutiqaat.com/en-ae/women/zai-beaute-velvet-classic-lip-pencil-caramel-n-02-04-g-0014-net-wt-oz-mu-00015946-1/p//","https://v2cdn.boutiqaat.com/cdn-cgi/image/width=400,height=400,quality=80/media/catalog/product//M/U/MU-00015946-R5-1_1.jpg","https://www.boutiqaat.com/en-kw/men/zai-beaute-velvet-classic-lip-pencil-caramel-n-02-04-g-0014-net-wt-oz-mu-00015946-1/p//","Velvet Classic Lip Pencil - N.02 - Caramel","84.00","https://www.boutiqaat.com/static/images/color.png","6 colors","Exclusive","https://www.boutiqaat.com/static/images/btq.png"
"https://www.boutiqaat.com/en-ae/women/zai-beaute-velvet-classic-lip-pencil-gingerbread-n-03-04-g-0014-net-wt-oz-mu-00015947-1/p//","https://v2cdn.boutiqaat.com/cdn-cgi/image/width=400,height=400,quality=80/media/catalog/product//M/U/MU-00015947-R5-1.jpg","https://www.boutiqaat.com/en-kw/men/zai-beaute-velvet-classic-lip-pencil-gingerbread-n-03-04-g-0014-net-wt-oz-mu-00015947-1/p//","Velvet Classic Lip Pencil - N.03 - Gingerbread","84.00","https://www.boutiqaat.com/static/images/color.png","6 colors","Exclusive","https://www.boutiqaat.com/static/images/btq.png"
"https://www.boutiqaat.com/en-ae/women/zai-beaute-velvet-classic-lip-pencil-truffle-n-04-04-g-0014-net-wt-oz-mu-00015948-1/p//","https://v2cdn.boutiqaat.com/cdn-cgi/image/width=400,height=400,quality=80/media/catalog/product//M/U/MU-00015948-R6-1.jpg","https://www.boutiqaat.com/en-kw/men/zai-beaute-velvet-classic-lip-pencil-truffle-n-04-04-g-0014-net-wt-oz-mu-00015948-1/p//","Velvet Classic Lip Pencil - N.04 - Truffle","84.00","https://www.boutiqaat.com/static/images/color.png","6 colors","Exclusive","https://www.boutiqaat.com/static/images/btq.png"
"https://www.boutiqaat.com/en-ae/women/zai-beaute-velvet-classic-lip-pencil-cinnamon-n-05-04-g-0014-net-wt-oz-mu-00015949-1/p//","https://v2cdn.boutiqaat.com/cdn-cgi/image/width=400,height=400,quality=80/media/catalog/product//M/U/MU-00015949-R6-2.jpg","https://www.boutiqaat.com/en-kw/men/zai-beaute-velvet-classic-lip-pencil-cinnamon-n-05-04-g-0014-net-wt-oz-mu-00015949-1/p//","Velvet Classic Lip Pencil - N.05 - Cinnamon","84.00","https://www.boutiqaat.com/static/images/color.png","6 colors","Exclusive","https://www.boutiqaat.com/static/images/btq.png"
"https://www.boutiqaat.com/en-ae/women/zai-beaute-velvet-classic-lip-pencil-cherry-red-n-06-04-g-0014-net-wt-oz-mu-00015950-1/p//","https://v2cdn.boutiqaat.com/cdn-cgi/image/width=400,height=400,quality=80/media/catalog/product//M/U/MU-00015950-1_1.jpg","https://www.boutiqaat.com/en-ae/women/zai-beaute-velvet-classic-lip-pencil-cherry-red-n-06-04-g-0014-net-wt-oz-mu-00015950-1/p//","Velvet Classic Lip Pencil - N.06 - Cherry Red","84.00","https://www.boutiqaat.com/static/images/color.png","6 colors","Exclusive","https://www.boutiqaat.com/static/images/btq.png"
"https://www.boutiqaat.com/en-ae/women/zai-beaute-velvet-matt-lipstick-zai-n-02-35-g-012-net-wt-oz-mu-00015576-1/p//","https://v2cdn.boutiqaat.com/cdn-cgi/image/width=400,height=400,quality=80/media/catalog/product//M/U/MU-00015576-R9-1.jpg","https://www.boutiqaat.com/en-ae/women/zai-beaute-velvet-matt-lipstick-zai-n-02-35-g-012-net-wt-oz-mu-00015576-1/p//","Velvet Matt Lipstick - Mocha","96.00","https://www.boutiqaat.com/static/images/color.png","8 colors","Exclusive","https://www.boutiqaat.com/static/images/btq.png"
"https://www.boutiqaat.com/en-ae/women/zai-beaute-velvet-matt-lipstick-deeper-than-you-n-03-35-g-012-net-wt-oz-mu-00015570-1/p//","https://v2cdn.boutiqaat.com/cdn-cgi/image/width=400,height=400,quality=80/media/catalog/product//M/U/MU-00015570-R9-1.jpg","https://www.boutiqaat.com/en-ae/women/zai-beaute-velvet-matt-lipstick-deeper-than-you-n-03-35-g-012-net-wt-oz-mu-00015570-1/p//","Velvet Matt Lipstick - Deeper Than You","96.00","https://www.boutiqaat.com/static/images/color.png","8 colors","Exclusive","https://www.boutiqaat.com/static/images/btq.png"
"https://www.boutiqaat.com/en-ae/women/zai-beaute-fastline-liquid-eyeliner-brush-pen-black-n-01-06-ml-002-floz-mu-00017028-1/p//","https://v2cdn.boutiqaat.com/cdn-cgi/image/width=400,height=400,quality=80/media/catalog/product//M/U/MU-00017028-9.jpg","https://www.boutiqaat.com/en-ae/women/zai-beaute-fastline-liquid-eyeliner-brush-pen-black-n-01-06-ml-002-floz-mu-00017028-1/p//","Fastline Liquid Eyeliner - N.01 - Black","84.00","","","",""
"https://www.boutiqaat.com/en-ae/women/zai-beaute-ph-reactor-lip-oil-mu-00025328-1/p//","https://v2cdn.boutiqaat.com/cdn-cgi/image/width=400,height=400,quality=80/media/catalog/product//M/U/MU-00025328-1.jpg","https://www.boutiqaat.com/en-ae/women/zai-beaute-ph-reactor-lip-oil-mu-00025328-1/p//","Color Bloom pH REACTOR Lip Oil","90.00","","","",""
"https://www.boutiqaat.com/en-ae/women/zai-beaute-lash-booster-mascara-black-n-01-10-ml-034-floz-mu-00020198-1/p//","https://v2cdn.boutiqaat.com/cdn-cgi/image/width=400,height=400,quality=80/media/catalog/product//M/U/MU-00020198-R-1.jpg","https://www.boutiqaat.com/en-ae/women/zai-beaute-lash-booster-mascara-black-n-01-10-ml-034-floz-mu-00020198-1/p//","Lash Booster Mascara - N.01 - Black","144.00","","","",""
"https://www.boutiqaat.com/en-ae/women/zai-beaute-eyelash-curler-mu-00025327-1/p//","https://v2cdn.boutiqaat.com/cdn-cgi/image/width=400,height=400,quality=80/media/catalog/product//M/U/MU-00025327-1.jpg","https://www.boutiqaat.com/en-ae/women/zai-beaute-eyelash-curler-mu-00025327-1/p//","Eyelash Curler","54.00","","","",""
"https://www.boutiqaat.com/en-ae/women/zai-beaute-gloze-highlighter-15-ml-051-floz-mu-00019692-1/p//","https://v2cdn.boutiqaat.com/cdn-cgi/image/width=400,height=400,quality=80/media/catalog/product//M/U/MU-00019692-R-1.jpg","https://www.boutiqaat.com/en-ae/women/zai-beaute-gloze-highlighter-15-ml-051-floz-mu-00019692-1/p//","Glozé Highlighter - 15ml","108.00","","","",""
"https://www.boutiqaat.com/en-ae/women/zai-beaute-velvet-matt-lipstick-latte-n-01-35-g-012-net-wt-oz-mu-00015571-1/p//","https://v2cdn.boutiqaat.com/cdn-cgi/image/width=400,height=400,quality=80/media/catalog/product//M/U/MU-00015571-R-1_2.jpg","https://www.boutiqaat.com/en-ae/women/zai-beaute-velvet-matt-lipstick-latte-n-01-35-g-012-net-wt-oz-mu-00015571-1/p//","Velvet Matt Lipstick - Latte","96.00","https://www.boutiqaat.com/static/images/color.png","8 colors","Exclusive","https://www.boutiqaat.com/static/images/btq.png"
"https://www.boutiqaat.com/en-ae/women/zai-beaute-the-blenders-pro-mu-00021673-1/p//","https://v2cdn.boutiqaat.com/cdn-cgi/image/width=400,height=400,quality=80/media/catalog/product//M/U/MU-00021673-r-1.jpg","https://www.boutiqaat.com/en-ae/women/zai-beaute-the-blenders-pro-mu-00021673-1/p//","3-in-1 The Blenders PRO Set","96.00","","","",""
"https://www.boutiqaat.com/en-ae/women/zai-beaute-beauty-booster-foundation-cotton-blossom-n-00-30-ml-101-floz-mu-00019694-1/p//","https://v2cdn.boutiqaat.com/cdn-cgi/image/width=400,height=400,quality=80/media/catalog/product//M/U/MU-00019694-R-1.jpg","https://www.boutiqaat.com/en-ae/women/zai-beaute-beauty-booster-foundation-cotton-blossom-n-00-30-ml-101-floz-mu-00019694-1/p//","Beauty Booster Foundation - N.00 - Cotton Blossom","132.00","https://www.boutiqaat.com/static/images/color.png","7 colors","",""
"https://www.boutiqaat.com/en-ae/women/zai-beaute-archchic-3-in-1-brows-styler-medium-brown-n-02-mu-00019723-1/p//","https://v2cdn.boutiqaat.com/cdn-cgi/image/width=400,height=400,quality=80/media/catalog/product//M/U/MU-00019723-R-1.jpg","https://www.boutiqaat.com/en-ae/women/zai-beaute-archchic-3-in-1-brows-styler-medium-brown-n-02-mu-00019723-1/p//","ArchChic 3-in-1 Brows Styler - N.02 - Medium Brown","126.00","https://www.boutiqaat.com/static/images/color.png","2 colors","",""
"https://www.boutiqaat.com/en-ae/women/zai-beaute-archchic-3-in-1-brows-styler-deep-brown-n-03-mu-00019724-1/p//","https://v2cdn.boutiqaat.com/cdn-cgi/image/width=400,height=400,quality=80/media/catalog/product//M/U/MU-00019724-R-1.jpg","https://www.boutiqaat.com/en-ae/women/zai-beaute-archchic-3-in-1-brows-styler-deep-brown-n-03-mu-00019724-1/p//","ArchChic 3-in-1 Brows Styler - N.03 - Deep Brown","126.00","https://www.boutiqaat.com/static/images/color.png","2 colors","",""
"https://www.boutiqaat.com/en-ae/women/zai-beaute-velvet-veil-lip-cheek-red-crush-n-01-6-ml-02-floz-mu-00019506-1/p//","https://v2cdn.boutiqaat.com/cdn-cgi/image/width=400,height=400,quality=80/media/catalog/product//M/U/MU-00019506-1.jpg","https://www.boutiqaat.com/en-ae/women/zai-beaute-velvet-veil-lip-cheek-red-crush-n-01-6-ml-02-floz-mu-00019506-1/p//","Velvet Veil Lip & Cheek Tint - N.01 - Red Crush","84.00","https://www.boutiqaat.com/static/images/color.png","2 colors","",""
"https://www.boutiqaat.com/en-ae/women/zai-beaute-velvet-veil-lip-cheek-sakura-n-02-6-ml-02-floz-mu-00019507-1/p//","https://v2cdn.boutiqaat.com/cdn-cgi/image/width=400,height=400,quality=80/media/catalog/product//M/U/MU-00019507-1.jpg","https://www.boutiqaat.com/en-ae/women/zai-beaute-velvet-veil-lip-cheek-sakura-n-02-6-ml-02-floz-mu-00019507-1/p//","Velvet Veil Lip & Cheek Tint - N.02 - Sakura","84.00","https://www.boutiqaat.com/static/images/color.png","2 colors","",""
"https://www.boutiqaat.com/en-ae/women/zai-beaute-pro-brush-z01-mu-00019565-1/p//","https://v2cdn.boutiqaat.com/cdn-cgi/image/width=400,height=400,quality=80/media/catalog/product//M/U/MU-00019565-1.jpg","https://www.boutiqaat.com/en-ae/women/zai-beaute-pro-brush-z01-mu-00019565-1/p//","Pro Brush - N.Z01","102.00","","","",""
"https://www.boutiqaat.com/en-ae/women/zai-beaute-beauty-booster-foundation-radiant-pearl-n-01-30-ml-101-floz-mu-00015412-1/p//","https://v2cdn.boutiqaat.com/cdn-cgi/image/width=400,height=400,quality=80/media/catalog/product//M/U/MU-00015412-R6-1.jpg","https://www.boutiqaat.com/en-ae/women/zai-beaute-beauty-booster-foundation-radiant-pearl-n-01-30-ml-101-floz-mu-00015412-1/p//","Beauty Booster Foundation - N.01 - Radiant Pearl","132.00","https://www.boutiqaat.com/static/images/color.png","7 colors","Exclusive","https://www.boutiqaat.com/static/images/btq.png"
"https://www.boutiqaat.com/en-ae/women/zai-beaute-beauty-booster-foundation-iconic-beige-n-02-30-ml-101-floz-mu-00015415-1/p//","https://v2cdn.boutiqaat.com/cdn-cgi/image/width=400,height=400,quality=80/media/catalog/product//M/U/MU-00015415-R7-1.jpg","https://www.boutiqaat.com/en-ae/women/zai-beaute-beauty-booster-foundation-iconic-beige-n-02-30-ml-101-floz-mu-00015415-1/p//","Beauty Booster Foundation - N.02 - Iconic Beige","132.00","https://www.boutiqaat.com/static/images/color.png","7 colors","Exclusive","https://www.boutiqaat.com/static/images/btq.png"